{
  "project_info": {
    "project_number": "240555186175",
    "firebase_url": "https://iotmlv1.firebaseio.com",
    "project_id": "iotmlv1",
    "storage_bucket": "iotmlv1.appspot.com"
  },
  "client": [
    {
      "client_info": {
        "mobilesdk_app_id": "1:240555186175:android:ac3141b0718defa3",
        "android_client_info": {
          "package_name": "com.example.myapplication1"
        }
      },
      "oauth_client": [
        {
          "client_id": "240555186175-6v67a1bllnfbkbj26dmego0ts5sl27tg.apps.googleusercontent.com",
          "client_type": 1,
          "android_info": {
            "package_name": "com.example.myapplication1",
            "certificate_hash": "01975094b012c62c3a64c7bb04129f66bedae2d2"
          }
        },
        {
          "client_id": "240555186175-967vb0mltt3hhlkk1s7ftm7n7no93v17.apps.googleusercontent.com",
          "client_type": 3
        }
      ],
      "api_key": [
        {
          "current_key": "AIzaSyCCjPgAyGhc06BCsTNxs3qQ9ujvrkdatq8"
        }
      ],
      "services": {
        "appinvite_service": {
          "other_platform_oauth_client": [
            {
              "client_id": "240555186175-967vb0mltt3hhlkk1s7ftm7n7no93v17.apps.googleusercontent.com",
              "client_type": 3
            }
          ]
        }
      }
    }
  ],
  "configuration_version": "1"
}